{"agent_2/loss":0.01372586190700531,"episode/episode_number":49,"agent_1/loss":0.014331482350826263,"_runtime":509.215349506,"_timestamp":1.7745198792384973e+09,"agent_3/loss":0.03244229033589363,"episode/epsilon":0.07694497527671314,"episode/reward":0.8519481420516968,"agent_4/loss":0.0071244016289711,"_wandb":{"runtime":509},"_step":5000,"agent_0/loss":0.04427678883075714}